codigo,especialidad
ING,INGENIERO
LHI,LICENCIADO EN HISTORIA
LHA,LICENCIADO EN HISTORIA DE LAS ARTES PLASTICAS Y MUSEOLOGIA
LHC,LICENCIADO EN HISTORIA ECLESIASTICA
LHO,LICENCIADO EN HOTELERIA
LID,LICENCIADO EN IDIOMAS MODERNOS
LINF,LICENCIADO EN INFORMATICA
LLE,LICENCIADO EN LETRAS
LMT,LICENCIADO EN MATEMATICA
LMA,LICENCIADO EN MEDIOS AUDIOVISUALES
LME,LICENCIADO EN MERCADEO
LMU,LICENCIADO EN MUSICA
LND,LICENCIADO EN NUTRICION Y DIETETICA
LPF,LICENCIADO EN PLANIFICACION
LPS,LICENCIADO EN PSICOLOGIA
LPB,LICENCIADO EN PUBLICIDAD
LQM,LICENCIADO EN QUIMICA
LRI,LICENCIADO EN RELACIONES INDUSTRIALES
LSO,LICENCIADO EN SOCIOLOGIA
LTE,LICENCIADO EN TEATRO
LTA,LICENCIADO EN TECNOLOGIA DE ALIMENTOS
LTE,LICENCIADO EN TEOLOGIA
LTO,LICENCIADO EN TERAPIA OCUPACIONAL
LTS,LICENCIADO EN TRABAJO SOCIAL
LTU,LICENCIADO EN TURISMO
MED,MAGISTER EN EDUCACION
MSE,MAGISTER EN SEGURIDAD
MDC,MEDICO
MDV,MEDICO VETERINARIO
MER,MERCANTE
ODO,ODONTOLOGO
PEN,PERITO NAVAL
PEP,PERITO PESQUERO
PIC,PILOTO AVIADOR COMERCIAL
POL,POLITOLOGO
PAI,PROFESOR DE ARTES INDUSTRIALES
PEA,PROFESOR DE EDUCACION AGROPECUARIA
PEE,PROFESOR DE EDUCACION ESPECIAL
PEM,PROFESOR DE EDUCACION MUSICAL
PEI,PROFESOR DE ELECTRICIDAD INDUSTRIAL
PEC,PROFESOR DE ELECTRONICA INDUSTRIAL
PIN,PROFESOR DE INFORMATICA
PMI,PROFESOR DE MECANICA INDUSTRIAL
PDT,PROFESOR EN DIBUJO TECNICO
PCO,PROFESOR EN EDUCACION COMERCIAL
PIT,PROFESOR EN EDUCACION INTEGRAL
PER,PROFESOR EN EDUCACION RURAL
PPS,PROFESOR EN PEDAGOGIA SOCIAL
PAE,PROFESOR ESPECIALIDAD ARTES ESCENICAS
PAP,PROFESOR ESPECIALIDAD ARTES PLASTICAS
PEB,PROFESOR ESPECIALIDAD BIOLOGIA
PCL,"PROFESOR ESPECIALIDAD CASTELLANO, LITERATURA Y LATIN"
PCT,PROFESOR ESPECIALIDAD CIENCIAS DE LA TIERRA
PCM,PROFESOR ESPECIALIDAD COMERCIAL
PED,PROFESOR ESPECIALIDAD DIBUJO TECNICO
PAG,PROFESOR ESPECIALIDAD EDUCACION AGROPECUARIA
PEF,PROFESOR ESPECIALIDAD EDUCACION FISICA
PET,PROFESOR ESPECIALIDAD EDUCACION INTEGRAL
PMU,PROFESOR ESPECIALIDAD EDUCACION MUSICAL
PPR,PROFESOR ESPECIALIDAD EDUCACION PREESCOLAR
PIN,PROFESOR ESPECIALIDAD ELECTRICIDAD INDUSTRIAL
PEL,PROFESOR ESPECIALIDAD ELECTRONICA INDUSTRIAL
PDA,PROFESOR ESPECIALIDAD EN EDUCACION ESPECIAL DIFICULTADES DEL APRENDIZAJE
PFI,PROFESOR ESPECIALIDAD FISICA
PGH,PROFESOR ESPECIALIDAD GEOGRAFIA E HISTORIA
PEF,PROFESOR ESPECIALIDAD INFORMATICA
PIG,PROFESOR ESPECIALIDAD INGLES
PIF,PROFESOR ESPECIALIDAD INGLES Y FRANCES
PLL,"PROFESOR ESPECIALIDAD LENGUA, LITERATURA Y LATIN"
PMT,PROFESOR ESPECIALIDAD MATEMATICA
PMC,PROFESOR ESPECIALIDAD MECANICA INDUSTRIAL
PQM,PROFESOR ESPECIALIDAD QUIMICA
PSC,PROFESOR ESPECIALISTA EN EDUCACION COMERCIAL
PCI,PROFESOR ESPECIALISTA MECANICA INDUSTRIAL
PSI,PSICOLOGO
RMP,RELACIONES MARITIMAS Y PORTUARIAS
SOC,SOCIOLOGO
TCA,TECNICO CARDIOPULMONAR
TCI,TECNICO CITOTECNOLOGO
TMP,TECNICO MEDIO EN PLANTAS NAVALES
TSA,TECNICO SUPERIOR AGROINDUSTRIAL
TSV,TECNICO SUPERIOR ASISTENTE AL MEDICO VETERINARIO
TSB,TECNICO SUPERIOR BOMBERIL
TSF,TECNICO SUPERIOR EDUCACION MENCION FISICA Y DEPORTES
TSD,TECNICO SUPERIOR EN ADMINISTRACION BANCARIA Y FINANCIERA
TSE,TECNICO SUPERIOR EN ADMINISTRACION DE EMPRESAS
TSG,TECNICO SUPERIOR EN ADMINISTRACION DE EMPRESAS AGROPECUARIAS
TSH,TECNICO SUPERIOR EN ADMINISTRACION DE EMPRESAS HOTELERAS
TSP,TECNICO SUPERIOR EN ADMINISTRACION DE EMPRESAS PETROLERAS
TST,TECNICO SUPERIOR EN ADMINISTRACION DE EMPRESAS TURISTICAS
TSM,TECNICO SUPERIOR EN ADMINISTRACION DE MANTENIMIENTO
TSR,TECNICO SUPERIOR EN ADMINISTRACION DE PERSONAL
TSC,TECNICO SUPERIOR EN ADMINISTRACION DE RECURSOS FISICOS Y FINANCIEROS
TSL,TECNICO SUPERIOR EN ADMINISTRACION DE SALUD Y HOSPITALES
TSS,TECNICO SUPERIOR EN ADMINISTRACION DE SERVICIOS DE LA SALUD
TSN,TECNICO SUPERIOR EN ADMINISTRACION DE SISTEMAS DE MANTENIMIENTO
TSO,TECNICO SUPERIOR EN ADMINISTRACION DEL TRANSPORTE
TSI,TECNICO SUPERIOR EN ADMINISTRACION DEL TURISMO
THO,TECNICO SUPERIOR EN ADMINISTRACION HOTELERA
TSU,TECNICO SUPERIOR EN ADMINISTRACION MUNICIPAL
TRR,TECNICO SUPERIOR EN ADMINISTRACION TRIBUTARIA
TBI,TECNICO SUPERIOR EN ADMINISTRACION Y BIENES COMERCIALES
TCC,TECNICO SUPERIOR EN ADMINISTRACION Y CIENCIAS COMERCIALES
TAG,TECNICO SUPERIOR EN ADMINISTRACION Y GERENCIA
TAC,TECNICO SUPERIOR EN ADMINISTRACION: CONTABILIDAD DE COSTOS
TCF,TECNICO SUPERIOR EN ADMINISTRACION: CONTABILIDAD Y FINANZAS
TCT,TECNICO SUPERIOR EN ADMINISTRACION: CONTADURIA
TMA,TECNICO SUPERIOR EN ADMINISTRACION: MERCADEO AGRICOLA
TAM,TECNICO SUPERIOR EN ADMINISTRACION: MERCADOTECNIA
TOS,TECNICO SUPERIOR EN ADMINISTRACION: ORGANIZACION Y SISTEMAS
TPM,TECNICO SUPERIOR EN ADMINISTRACION: PUBLICIDAD Y MERCADEO
TPA,TECNICO SUPERIOR EN ADMINISTRACION. Y  PLANIF. DE EMPRESAS AGROPECUARIAS
TAG,TECNICO SUPERIOR EN AGROPECUARIA
TAD,TECNICO SUPERIOR EN ANALISIS Y DISEÑO DE SISTEMAS
TAA,TECNICO SUPERIOR EN ANIMACION AMBIENTAL
TAE,TECNICO SUPERIOR EN ASISTENCIA ESPECIALIZADA
TIN,TECNICO SUPERIOR EN CALIDAD INTEGRAL
TCR,TECNICO SUPERIOR EN CERVECERIA
TAF,TECNICO SUPERIOR EN CIENCIAS AUDIOVISUALES Y FOTOGRAFIA.
TCE,TECNICO SUPERIOR EN COMERCIO EXTERIOR
TIT,TECNICO SUPERIOR EN COMERCIO INTERNACIONAL
TMP,TECNICO SUPERIOR EN COMPUTACION
TEC,TECNICO SUPERIOR EN COMUNICACION Y ELECTRONICA
TCV,TECNICO SUPERIOR EN CONSTRUCCION CIVIL
TCZ,TECNICO SUPERIOR EN CONTABILIDAD COMPUTARIZADA
TCD,TECNICO SUPERIOR EN CONTADURIA
TRO,TECNICO SUPERIOR EN CONTROL DE CALIDAD
TPR,TECNICO SUPERIOR EN CONTROL DE PROCESOS Y TELECOMUNICACIONES
TAU,TECNICO SUPERIOR EN CONTROLES AUTOMATICOS
TRM,TECNICO SUPERIOR EN CRIMINALISTICA
TOR,TECNICO SUPERIOR EN DEPORTES
TNA,TECNICO SUPERIOR EN DISEÑO AMBIENTAL
TYF,TECNICO SUPERIOR EN DISEÑO DE JOYAS Y FANTASIAS
TDA,TECNICO SUPERIOR EN DISEÑO DE MODAS
TOV,TECNICO SUPERIOR EN DISEÑO DE OBRAS CIVILES
TFI,TECNICO SUPERIOR EN DISEÑO GRAFICO
TID,TECNICO SUPERIOR EN DISEÑO INDUSTRIAL
TIO,TECNICO SUPERIOR EN DISEÑO INTERIOR
TEX,TECNICO SUPERIOR EN DISEÑO TEXTIL
TRS,TECNICO SUPERIOR EN EDUCACION FISICA PARA PERSN. ESPECIALES
TGR,TECNICO SUPERIOR EN EDUCACION INTEGRAL
TCN,TECNICO SUPERIOR EN EDUCACION
TTR,TECNICO SUPERIOR EN ELECTRICIDAD
TMD,TECNICO SUPERIOR EN ELECTROMEDICINA
TIC,TECNICO SUPERIOR EN ELECTRONICA
TUS,TECNICO SUPERIOR EN ELECTRONICA INDUSTRIAL
TUR,TECNICO SUPERIOR EN EMPRESAS TURISTICAS
TER,TECNICO SUPERIOR EN ENFERMERIA
TUD,TECNICO SUPERIOR EN ESTADISTICA DE LA SALUD
TFS,TECNICO SUPERIOR EN FISIOTERAPIA
TGE,TECNICO SUPERIOR EN GEOLOGIA
TMS,TECNICO SUPERIOR EN GEOLOGIA Y MINAS
TNI,TECNICO SUPERIOR EN GERENCIA DE CONDOMINIO
TOF,TECNICO SUPERIOR EN GERENCIA DE OFICINAS
TOS,TECNICO SUPERIOR EN GERENCIA DE PROCESOS HOSPITALARIOS
TAN,TECNICO SUPERIOR EN GERENCIA FINANCIERA
TGH,TECNICO SUPERIOR EN GERENCIA HOTELERA
TGI,TECNICO SUPERIOR EN GERENCIA INDUSTRIAL
TGO,TECNICO SUPERIOR EN GERONTOLOGIA
TGS,TECNICO SUPERIOR EN GESTION HOTELERA
THB,TECNICO SUPERIOR EN HIDROCARBUROS
THS,TECNICO SUPERIOR EN HIGIENE Y SEGURIDAD INDUSTRIAL
TRI,TECNICO SUPERIOR EN HOTELERIA
THH,TECNICO SUPERIOR EN HOTELERIA Y SERVICIOS DE LA HOSPITALIDAD
TIG,TECNICO SUPERIOR EN IDIOMAS MENCION INGLES
TIM,TECNICO SUPERIOR EN IDIOMAS MODERNOS
TIU,TECNICO SUPERIOR EN INFORMACION DE LA SALUD
TIO,TECNICO SUPERIOR EN INFORMACION Y DOCUMENTACION
TIF,TECNICO SUPERIOR EN INFORMATICA
TNR,TECNICO SUPERIOR EN INSPECCION SANITARIA
TRU,TECNICO SUPERIOR EN INSTRUMENTACION
TOL,TECNICO SUPERIOR EN INSTRUMENTACION Y CONTROL
TIS,TECNICO SUPERIOR EN LOGISTICA INDUSTRIAL
TAR,TECNICO SUPERIOR EN MANT.AERONAUTICO
TEL,TECNICO SUPERIOR EN MANTENIMIENTO DE EQUIPOS ELECTRICOS
TEE,TECNICO SUPERIOR EN MANTENIMIENTO DE EQUIPOS ELECTROMECANICOS
TAP,TECNICO SUPERIOR EN MANTENIMIENTO DE MAQUINARIA AGRICOLA Y PESADA
TVI,TECNICO SUPERIOR EN MANTENIMIENTO DE VIAS FERREAS
TMU,TECNICO SUPERIOR EN MANTENIMIENTO INDUSTRIAL
TME,TECNICO SUPERIOR EN MANTENIMIENTO MECANICO
TMI,TECNICO SUPERIOR EN MECANICA INDUSTRIAL
TMT,TECNICO SUPERIOR EN MECANICA TERMICA
TMR,TECNICO SUPERIOR EN METALURGIA
TMC,TECNICO SUPERIOR EN METALURGIA Y CIENCIAS DE LOS MATERIALES
TMS,TECNICO SUPERIOR EN METALURGIA Y SIDERURGIA
TMN,TECNICO SUPERIOR EN MINERIA
TOC,TECNICO SUPERIOR EN OBRAS CIVILES
TOE,TECNICO SUPERIOR EN ORGANIZACION EMPRESARIAL
TPP,TECNICO SUPERIOR EN PESCA CONTINENTAL Y PISCICULTURA
TSP,TECNICO SUPERIOR EN PETROLEO
TPR,TECNICO SUPERIOR EN PLANIFICACION Y ADMINISTRACION. DE EMPRESAS AGROPECUARIA
TPV,TECNICO SUPERIOR EN POLICIA PREVENTIVA
TPL,TECNICO SUPERIOR EN POLIMEROS
TPF,TECNICO SUPERIOR EN PROCESOS DE REFINACION DE PETROLEO
TQC,TECNICO SUPERIOR EN PROCESOS QUIMICOS MENCION TECNOLOGIA Y DISEÑO
TRO,TECNICO SUPERIOR EN PRODUCCION AGROPECUARIA
TIA,TECNICO SUPERIOR EN PRODUCCION INDUSTRIAL
TPS,TECNICO SUPERIOR EN PRODUCCION Y SUPERVISION INDUSTRIAL
TCC,TECNICO SUPERIOR EN PROTECCION Y SEGURIDAD INDUSTRIAL
TSG,TECNICO SUPERIOR EN PSICOPEDAGOGIA
TPM,TECNICO SUPERIOR EN PUBLICIDAD Y MERCADEO
TPR,TECNICO SUPERIOR EN PUBLICIDAD Y RELACIONES PUBLICAS
TSQ,TECNICO SUPERIOR EN QUIMICA
TSR,TECNICO SUPERIOR EN RADIODIAGNOSTICO
TRA,TECNICO SUPERIOR EN RADIOLOGIA
TRE,TECNICO SUPERIOR EN RECREACION
TRD,TECNICO SUPERIOR EN RELACIONES INDUSTRIALES
TUB,TECNICO SUPERIOR EN RELACIONES PUBLICAS
TRS,TECNICO SUPERIOR EN RIESGOS Y SEGURO
TBU,TECNICO SUPERIOR EN SALUD BUCAL: HIGIENE BUCAL
TBM,TECNICO SUPERIOR EN SALUD BUCAL: MECANICA DENTAL
CRE,TECNICO SUPERIOR EN SECRETARIA
CRA,TECNICO SUPERIOR EN SECRETARIADO ADMINISTRATIVO
HIG,TECNICO SUPERIOR EN SEGURIDAD E HIGIENE INDUSTRIAL
UST,TECNICO SUPERIOR EN SEGURIDAD INDUSTRIAL
EGU,TECNICO SUPERIOR EN SEGUROS
OSP,TECNICO SUPERIOR EN SERVICIOS DE LA HOSPITALIDAD
USR,TECNICO SUPERIOR EN SERVICIOS INDUSTRIALES
IST,TECNICO SUPERIOR EN SISTEMAS DE INFORMACION
INI,TECNICO SUPERIOR EN TECNOLOGIA ADMINISTRATIVA
RIC,TECNICO SUPERIOR EN TECNOLOGIA AGRICOLA
GRO,TECNICO SUPERIOR EN TECNOLOGIA AGROPECUARIA
GIA,TECNICO SUPERIOR EN TECNOLOGIA AMBIENTAL
UTO,TECNICO SUPERIOR EN TECNOLOGIA AUTOMOTRIZ
UPE,TECNICO SUPERIOR EN TECNOLOGIA DE ALIMENTOS
ERV,TECNICO SUPERIOR EN TECNOLOGIA DE CONSERVACION DE LOS RECURSOS NATURALES RENOVABLES
GAS,TECNICO SUPERIOR EN TECNOLOGIA DE GAS
INC,TECNICO SUPERIOR EN TECNOLOGIA DE INCENDIOS
UCC,TECNICO SUPERIOR EN TECNOLOGIA DE LA CONSTRUCCION CIVIL
ERI,TECNICO SUPERIOR EN TECNOLOGIA DE LOS MATERIALES
IEN,TECNICO SUPERIOR EN TECNOLOGIA DE MANTENIMIENTO
OVA,TECNICO SUPERIOR EN TECNOLOGIA DE RECURSOS NATURALES RENOVABLES
ECT,TECNICO SUPERIOR EN TECNOLOGIA ELECTRICA
ONI,TECNICO SUPERIOR EN TECNOLOGIA ELECTRONICA
INS,TECNICO SUPERIOR EN TECNOLOGIA INSTRUMENTISTA
ERM,TECNICO SUPERIOR EN TECNOLOGIA MECANICA TERMICA
URG,TECNICO SUPERIOR EN TECNOLOGIA METALURGICA
INR,TECNICO SUPERIOR EN TECNOLOGIA MINERA
NVA,TECNICO SUPERIOR EN TECNOLOGIA NAVAL
ECU,TECNICO SUPERIOR EN TECNOLOGIA PECUARIA
RLE,TECNICO SUPERIOR EN TECNOLOGIA PETROLERA
IOI,TECNICO SUPERIOR EN TECNOLOGIA RADIOLOGICA MEDICA
EXL,TECNICO SUPERIOR EN TECNOLOGIA TEXTIL
UGJ,TECNICO SUPERIOR EN TERAPIA DEL LENGUAJE
OGR,TECNICO SUPERIOR EN TOPOGRAFIA
OSC,TECNICO SUPERIOR EN TRABAJO SOCIAL
OHR,TECNICO SUPERIOR EN TURISMO Y HOTELERIA
VEN,TECNICO SUPERIOR EN VENTAS
MEN,TECNICO SUPERIOR ESPECIALISTA EN RETARDO MENTAL Y DIFICULTADES DEL APRENDIZAJE
PNI,TECNICO SUPERIOR PENITENCIARIO
ONT,TECNICO SUPERIOR  CONTADOR GENERAL
COS,TECNICO SUPERIOR  DE REDES Y COMUNICACIONES
UDA,TECNICO SUPERIOR EN ADMINISTRACION
NAS,TECNICO SUPERIOR EN ADMINISTRACION DE ADUANAS
RDE,TECNICO SUPERIOR EN ADMINISTRACION DE COMPRAS
JUY,TECNICO SUPERIOR EN ADMINISTRACION DE RIESGOS Y SEGUROS
VNN,TECNICO SUPERIOR EN ADMINISTRACION DE VENTAS
FIC,TECNICO SUPERIOR EN ADMINISTRACION EN INFORMATICA
RGG,TECNICO SUPERIOR EN ADMINISTRACION. DE EMPRESAS AGROPECUARIAS
OST,TECNICO SUPERIOR EN ADMINISTRACION: COSTOS
ERE,TECNICO SUPERIOR EN ADMINISTRACION: MERCADEO
BAT,TECNICO SUPERIOR EN ADMINISTRACION: SISTEMAS ADMINISTRATIVOS Y CONTABLES
CNI,TECNICO SUPERIOR EN AGROTECNIA
EVI,TECNICO SUPERIOR EN ARTES AUDIOVISUALES MENCION TELEVISION
IAS,TECNICO SUPERIOR EN CIENCIAS ADMINISTRATIVAS
ROP,TECNICO SUPERIOR EN CIENCIAS AGROPECUARIAS
ISC,TECNICO SUPERIOR EN CIENCIAS FISCALES
BIL,TECNICO SUPERIOR EN CONTABILIDAD
EPE,TECNICO SUPERIOR EN EDUCACION ESPECIAL
IBU,TECNICO SUPERIOR EN GESTION FISCAL Y TRIBUTARIA
IGM,TECNICO SUPERIOR EN IMAGENOLOGIA
ALZ,TECNICO SUPERIOR EN INSTALACIONES ELECTRICAS
DIF,TECNICO SUPERIOR EN MANEJO DE EMERGENCIAS Y ACCION CONTRA DESASTRES
QUI,TECNICO SUPERIOR EN MANTENIMIENTO DE EDIFICACIONES
IUP,TECNICO SUPERIOR EN MANTENIMIENTO DE EQUIPOS MECANICOS
ZIR,TECNICO SUPERIOR EN MECANICA AUTOMOTRIZ O TECNOLOGIA AUTOMOTRIZ
IED,TECNICO SUPERIOR EN MERCADOTECNIA
EES,TECNICO SUPERIOR EN PREESCOLAR
EHA,TECNICO SUPERIOR EN REHABILITACION: TERAPIA OCUPACIONAL
USL,TECNICO SUPERIOR EN SISTEMAS INDUSTRIALES
UGR,TECNICO SUPERIOR EN TECNOLOGIA DE SEGURIDAD INDUSTRIAL
ORD,TECNICO SUPERIOR EN TECNOLOGIA DE PRODUCCION AGROALIMENTARIA
RRR,TECNICO SUPERIOR EN TECNOLOGIA ELECTRONICA
SSS,TECNICO SUPERIOR EN TECNOLOGIA SUPERIOR FORESTAL
FFF,TECNICO SUPERIOR EN TECNOLOGIA AGROFORESTAL
GGG,TECNICO SUPERIOR EN TECNOLOGIA AGROPECUARIA
PPP,TECNICO SUPERIOR EN TECNOLOGIA DE ADMINISTRACION DE OBRAS
NNN,TECNICO SUPERIOR EN TECNOLOGIA DE ADMINISTRACION. DE FINCAS
TTT,TECNICO SUPERIOR EN TECNOLOGIA DE PRODUCCION AGROALIMENTARIA
CCC,TECNICO SUPERIOR EN TECNOLOGIA MECANICA
SEE,TECNICO SUPERIOR EN TECNOLOGIA NAVAL MENCION NAVEGACION Y PESCA
VVV,TECNICO SUPERIOR  TECNOLOGIA NAVAL
ZZZ,TECNOLOGO EN ADMINISTRACION INDUSTRIAL
UUU,TECNOLOGO EN COMPUTACION
III,TECNOLOGO EN CONSTRUCCION CIVIL
LLL,TECNOLOGO EN ESTADISTICA
YYY,TECNOLOGO EN FABRIC.MECANICA
GRY,TECNOLOGO EN INDUSTRIA FORESTAL
JND,TECNOLOGO EN PROCESOS INDUSTRIALES
ESD,TECNOLOGO EN SISTEMAS INDUSTRIALES
OMY,TECNICO SUPERIOR INFORMATICA
ETR,TECNICO SUPERIOR RELACIONES PUBLICAS
JAN,TRABAJANDO
ACA,AMA DE CASA
ABA,ABASTECEDOR(A)
ABO,ABOGADO(A)
ADD,ADMINISTRACION DE DESASTRES
ADM,ADMINISTRADOR(A)
ADU,ADUANERO
AGD,AGENCIA DIGITEL
AGT,AGENTE
AGS,AGENTE DE SEGUROS
AGR,AGRICULTOR(A)
ALB,ALBAÑIL
ALR,ALBERGUES
ALG,ALGUACIL
ALM,ALMACENISTA
ANA,ANALISTA
ANC,ANALISTA DE COBRANZAS
ANE,ANALISTA DE ECONOMIA COMUNAL
ANI,ANALISTA DE INVENTARIO
ANP,ANALISTA DE PERSONAL
ANL,ANALISTA DE PLANIFICACION
ARH,ANALISTA DE RECURSOS HUMANOS
ANS,ANALISTA DE SEGUROS
ASI,ANALISTA DE SISTEMAS
APR,ANALISTA PROCESADOR DE DATOS
ANF,ANFITRION(A)
API,APICULTOR
APR,APRENDIZ
ARB,ARBITRO DE DEPORTE
ARC,ARCHIVISTA
ARM,ARMADOR(A)
ARQ,ARQUITECTO
ART,ARTESANO(A)
ASA,ASAFATA
ASC,ASCENSORISTA
ASE,ASEADOR(A)
ASS,ASESOR(A)
ASC,ASESOR CAJERO
ASV,ASESOR DE VENTAS
ASJ,ASESOR JURIDICO
ASI,ASISTENTE
ASD,ASISTENTE ADMINISTRATIVO
ASC,ASISTENTE CATASTRAL
AAL,ASISTENTE DE ALMACEN
ADE,ASISTENTE DE DEFENSORIA
AGE,ASISTENTE DE GERENCIA
ALA,ASISTENTE DE LABORATORIO
AOF,ASISTENTE DE OFICINA
ARH,ASISTENTE DE RECURSOS HUMANOS
ASE,ASISTENTE DE SEGURIDAD
AVE,ASISTENTE DE VESTUARIO
AEC,ASISTENTE ECENOGRAFIA
AIN,ASISTENTE INFORMATICA
AME,ASISTENTE MEDICO
ADE,ASISTENTE DENTAL
ACL,ATENCION AL CLIENTE
ARE,ATLETA ALTO RENDIMIENTO
AUD,AUDITOR(A)
AUT,AUTOMERCADO
AUX,AUXILIAR
AAD,AUXILIAR ADMINISTRATIVO
ACB,AUXILIAR CONTABILIDAD
ACO,AUXILIAR DE COCINA
ANS,AUXILIAR DE CONSTRUCCION
AEN,AUXILIAR DE ENFERMERA
AFA,AUXILIAR DE FARMACIA
AFI,AUXILIAR DE FINANZAS
ALB,AUXILIAR DE LABORATORIO
ALI,AUXILIAR DE LIMPIEZA
AMA,AUXILIAR DE MANTENIMIENTO
AFI,AUXILIAR DE OFICINA
APR,AUXILIAR DE PREESCOLAR
ASG,AUXILIAR DE SERVICIOS GENERALES
ADT,AXULIAR DE TIENDA
AYU,AYUDANTE
AYA,AYUDANTE DE ALBAÑIL
AYC,AYUDANTE DE ALMACEN
AYO,AYUDANTE DE COCINA
AYN,AYUDANTE DE CONSTRUCCION
AOS,AYUDANTE DE COSTURA
AEL,AYUDANTE DE ELECTRICIDAD
AFB,AYUDANTE DE FABRICA
ACR,AYUDANTE DE FARMACIA
AHE,AYUDANTE DE HERRERIA
AMC,AYUDANTE DE MECANICA
BAR,BARBERO
BAT,BARTMAN
BIB,BIBLIOTECARIO
BIO,BIOANALISTA
BOM,BOMBERO
BRI,BRIGADISTA
CAB,CABILLERO
CAD,CADDY
CAJ,CAJERO
CAL,CALETERO
MES,MESONERO(A)
CAM,CAMAROGRAFO
CAI,CAMILLERO
CAN,CANTANTE
CAR,CARNICERO
CAP,CARPINTERO
CAT,CARTERO
CAU,CAUCHERO
CHA,CHARCUTERO
CHT,CHATARRERO
CHE,CHEF
CHO,CHOFER
CIT,CITOTECNOLOGO
COC,COCINERO
COM,COMERCIANTE
COU,COMUNICADOR SOCIAL
CDU,CONDUCTOR
CSU,CONSULTOR
CJU,CONSULTORA JURIDICA
CTA,CONTADOR(A)
CTR,CONTROLADOR DE TRAFICO AEREO
COO,COORDINADOR
COP,COORDINADOR DE PERSONAL
CPE,COPERATIVISTA
CTR,COSTURERO
DEC,DECORADOR
DEP,DEPORTISTA
DIB,DIBUJANTE
DIR,DIRECTOR
DIS,DISEÑADOR
DOC,DOCENTE
DRA,DRAMATURGO
EBA,EBANISTA
ECO,ECONOMIA INFORMAL
ECN,ECONOMISTA
ELE,ELECTROMECANICO
ELT,ELECTRICISTA
ETR,ELECTRONICA
EMP,EMPAQUETADOR
EPL,EMPLEADO
EMD,EMPLEADO DOMESTICO
EMP,EMPLEADO PUBLICO
EMR,EMPREASARIO
ENC,ENCARCADO
ECU,ENCUELLADOR
ENF,ENFERMERO
ENT,ENTRENADOR
ESC,ESCOLTA
ESU,ESCULTOR
EST,ESTADISTA
EAM,ESTAMPADOR
ETL,ESTILISTA
ETU,ESTUDIANTE
EVA,EVALUADOR DE RIESGO
FAB,FABRICA DE PANTALONES
FCL,FACILITADOR
FAR,FARMACEUTA
FIS,FISCAL DE RENTA
FTR,FISCAL DE TRANSITO
FIP,FISIOTERAPEUTA
FOT,FOTOGRAFO
GEO,GEOLOGA
GER,GERENTE
GAD,GERENTE DE ADMINISTRACION
GAB,GERENTE DE ALIMENTOS Y BEBIDAS
GCV,GERENTE DE COMPRA- VENTA
GME,GERENTE DE MERCADEO
GOP,GERENTE DE OPERACIONES
GPR,GERENTE DE PROCESO
GRH,GERENTE DE RECURSOS HUMANOS
GHF,GERENTE DE UN HOTEL FAMILIAR
GES,GESTOR
GPA,GUARDIA PATRIMONIAL
HER,HERRERO
HIG,HIGIENISTA
HID,HIGIENISTA DENTAL
INF,INFORMATICA
INC,INGENIERO CIVIL
INE,INGENIERO ELECTRONICO
INI,INGENIERO INDUSTRIAL
INM,INGENIERO METALURGICO
INS,INSPECTOR
INT,INSTRUCTOR
JAR,JARDINERO
JEA,JEFE DE ALMACEN
JER,JEFE DE ARCHIVO
JEP,JEFE DE PERSONAL
JEN,JEFE DE PRENSA
JEV,JEFE DE VENTAS
LAP,LATONERIA Y PINTURA
LIC,LICENCIADO
LIE,LICENCIADO EN ENFERMERIA
LIT,LITOGRAFO
LOC,LOCUTOR
LUN,LUNCHERO
MAM,MAESTRO DE ARTE MARCIALES
MAO,MAESTRO DE OBRA
MPA,MAESTRO PANADERO
MAN,MANICURISTA
MAA,MANIPULACION DE ALIMENTOS
MAT,MANTENIMIENTO
MMA,MANTENIMIENTO DE MAQUINA
MNA,MANUALIDADES
MAR,MARMOLERO
MAS,MASAJISTA
MAT,MATERNAL
MEC,MECANICO
MED,MEDICO CIRUJANO
MEN,MENSAJERO
MEM,MENSAJERO MOTORIZADO
MES,MESOTERAPEUTA
MET,METRO DE CARACAS
MIL,MILITAR
MON,MONTADOR DE CARGA
MON,MOTORISTA NAVAL
MOT,MOTORIZADO
MTT,MOTOTAXI
MUS,MUSICO
NIN,NINGUNA
NIR,NIÑERA
NUT,NUTRICIONISTA
OBR,OBRERO
OFI,OFICINISTA
OPER,OPERADOR
OPM,OPERADOR DE MAQUINA
OPC,OPERADOR DE MICROFILM
OPP,OPERADOR PRODUCCION
OPT,OPERADORA DE MANTENIMIENTO
OPO,OPTOMETRISTA
ORF,ORFEBRE
ORIE,ORIENTADOR
ORT,ORTOPEDISTA
PAN,PANADERO
PAS,PASTELERO
PAT,PATRON
PEL,PELUQUERO O BARBERO
PER,PERIODISTA
PEA,PERITO AUTOMOTRIZ
PES,PESCADOR
PIL,PILOTO
PIN,PINTOR
PLO,PLOMERO
POL,POLICÍA
PRO,PRODUCTOR
PTV,PRODUCTOR DE RADIO Y TV
PRF,PROFESOR
PTD,PROFESOR DE TAREA DIRIGIDA
PDD,PROFESOR DE DANZA
PRO,PROMOTOR
PCO,PROMOTOR COMUNITARIO
PCU,PROMOTOR CULTURAL
PSA,PROMOTOR DE SALUD
PVE,PROMOTOR DE VENTAS
PDE,PROMOTOR DEPORTIVO
PBA,PROMOTOR EN LA BANCA PRIVADA
PFI,PROMOTOR FINANCIERO
PSO,PROMOTOR SOCIAL
PRP,PROTOCOLO RELACIONES PUBLICAS
PSI,PSICOLOGO
PUB,PUBLICISTA
QUI,QUIMICO
QIR,QUIROPEDISTA
RAD,RADIOLOGO
RDT,RADIOTECNICO
REC,RECEPCIONISTA
REL,RECOLECTOR
RCR,RECREADOR
RGI,REGISTRADORA
REH,REHABILITADOR
REM,REMATADOR
REP,REPARTIDOR
REO,REPOSTERO
REV,REPRESENTANTE DE VENTA
RES,RESERVISTA
SAL,SALVAVIDAS
SAS,SASTRE
SEC,SECRETARIO
SEG,SEGURIDAD
SEA,SEGURIDAD AEROPORTUARIA
SEI,SEGURIDAD INDUSTRIAL
SER,SERIGRAFISTA
SIN,SINDICALISTA
SUB,SUB-GERENTE BANCA PRIVADA
SUP,SUPERVISOR
SUA,SUPERVISOR DE ALMACEN
SBS,SUPERVISOR DE BUSOS
SCA,SUPERVISOR DE CALIDAD
SGA,SUPERVISOR DE CARGA
SCO,SUPERVISOR DE COBRANZA
SCC,SUPERVISOR DE COCINA
SCM,SUPERVISOR DE COMUNICACIONES
SDA,SUPERVISOR DE DESPACHO DE LOS ANDES
SEM,SUPERVISOR DE EMPRESA DE MANTENIMIENTO
SEN,SUPERVISOR DE ENVIOS
SEV,SUPERVISOR DE EVENTOS
SMN,SUPERVISOR DE MANTENIMIENTO
SOB,SUPERVISOR DE OBRAS
SOP,SUPERVISOR DE OPERARIOS
SSE,SUPERVISOR DE SEGURIDAD
SLA,SUPERVISOR LABORATORIO
SOC,SUPERVISOR OBRAS CIVILES
SSS,SUPERVISOR SALA SITUACIONAL
SSE,SUPERVISOR SERVICIOS
SAD,SUPERVISOR ADMINISTRATIVO
TAL,TALABARTERO
TAP,TAPICERO
TAX,TAXISTA
ECI,TECNICO
ECA,TECNICO ADMINISTRATIVO
ECS,TECNICO DE ASCENSOR
ESI,TECNICO DE SEGURIDAD INDUSTRIAL
ESE,TECNICO DE SERVICIO ESTACION DE GASOLINA
EEC,TECNICO ELECTRICISTA
ELF,TECNICO ELECTROENCEFALOGRAFISTA
ELR,TECNICO ELECTRONICA
EIS,TECNICO ELETRICISTA
ECM,TECNICO EN COMPUTACION
OCI,TECNICO EN FOTOCIPIADORA
ORM,TECNICO EN INFORMATICA
RIG,TECNICO EN REFRIGERACION
VID,TECNICO EN VIDEO Y AUDIO
HOS,TECNICO HOSPITALARIO
CAN,TECNICO MECANICO
MED,TECNICO MEDIO
MIR,TECNICO MEDIO DE INDRISTRIA
NOL,TECNOLOGO
JED,TEJEDOR
OPE,TELEOPERADOR
RAU,TERAPEUTA
OCU,TERAPIA OCUPACIONAL
EXT,TEXTILERO
OGR,TIPOGRAFO
OPO,TOPOGRAFO
ORN,TORNERO
CIA,TRABAJADOR SOCIAL
MIT,TRAMITADOR
SCR,TRANSCRIPTOR
NSP,TRANSPORTISTA
AZA,TRAZADO CORTADOR
ELA,TECNICO SUPERIOR EN RELACION INDUSTRIAL
UPR,TECNICO SUPERIOR MECANICA
URI,TURISMO
ECN,TÉCNICO
CAM,TÉCNICO DE CAMPO
VAC,VACUNADOR
VAL,VALET PARKING
VEN,VENDEDOR
VET,VETERINARIO(A)
VIG,VIGILANTE
ZAP,ZAPATERO(A)
SIS,INGENIERO DE SISTEMAS
ORT,OTRO
IAN,ESTUDIANDO SIN TRABAJAR
APA,INCAPACITADO PERMANENTE PARA TRABAJAR
ILA,JUBILADO SIN TRABAJAR
ION,PENSIONADO SIN TRABAJAR
